,Cutoff,TP,FP,Precision,Recall
0,-3,215029,828693,20.602133518312346,95.38361220035841
1,0,197862,700860,22.015929286253147,87.76859064213346
2,2,170642,478689,26.279663222609116,75.69421033020458
3,3,162216,431370,27.328137793007247,71.9565641689881
4,5,144289,343754,29.564812936565016,64.00441810536027
5,10,103174,190896,35.08484374468664,45.76642594794088
6,30,29471,28462,50.87083354909982,13.072889866747103
7,60,8102,5653,58.902217375499816,3.5939246615447398
