,Precision,Recall,Cutoff
0,23.522929443240486,93.67606950528861,-3
1,25.709360696024877,85.27377944664643,0
2,27.411338930147455,78.7084038353074,2
3,28.376391728821073,75.16283058665368,3
4,30.38706881608598,67.72168524828284,5
5,35.47137892455451,50.70695130148576,10
6,49.9537129703763,15.425831923293853,30
7,56.15654010784368,3.9025257090760186,60
