,Cutoff,TP,FP,Precision,Recall
0,0.0,557634,2824688,16.48672125244137,100.0
1,0.3,486243,2016274,19.430157717210314,87.19751665070638
2,0.4,382311,1171109,24.610922995712684,68.5594852537686
3,0.45,337585,877379,27.785596939497797,60.53881219581302
4,0.6,226337,370830,37.90179296578679,40.58880914721843
5,0.8,101437,101294,50.03526840986331,18.190605307423866
