,Cutoff,TP,FP,Precision,Recall
0,0.0,561947,2820439,16.61392283435421,100.0
1,0.3,536696,2360346,18.525654788574002,95.50651573902877
2,0.4,437343,1260914,25.752462672021963,77.82637864424937
3,0.45,378230,850438,30.78374304531411,67.30705920665116
4,0.6,223830,251946,47.04524818401937,39.83115845444499
5,0.8,92676,58284,61.391096979332275,16.491946749426546
