,Cutoff,TP,FP,Precision,Recall
0,0.0,718758,3509238,16.99996877953527,100.0
1,0.12,606900,1975159,23.504497767092076,84.4373210454701
2,0.15,495042,1107412,30.892743255032595,68.8746420909402
3,0.2,352540,486475,42.01831910037365,49.04849754715774
4,0.25,259718,262362,49.746782102359795,36.134276070666346
5,0.4,122395,80584,60.299341311170124,17.0286800286049
6,0.6,54333,29994,64.43132092923975,7.559289774861636
7,0.8,22950,12429,64.86899007886034,3.1930079386942474
