,Cutoff,TP,FP,Precision,Recall
0,0.0,2769937,2606946,51.51566437283459,100.0
1,0.3,2664720,2205410,54.7155825409178,96.20146595391881
2,0.4,2236817,1244407,64.25375097954053,80.75335287409064
3,0.45,1960254,863717,69.41480631352093,70.7689019641963
4,0.6,1200260,280187,81.0741620605128,43.33167144234688
5,0.8,502312,65123,88.5232669821213,18.134419663696324
