,Cutoff,TP,FP,Precision,Recall
0,0.0,557634,2824688,16.48672125244137,100.0
1,0.3,557135,2823992,16.47778980203938,99.91051478209722
2,0.4,554603,2816624,16.451072562007838,99.45645351610554
3,0.45,444019,2036228,17.902208933223182,79.62552498592267
4,0.6,5889,13818,29.882782767544526,1.0560690345280237
5,0.8,0,0,,0.0
