,Cutoff,TP,FP,Precision,Recall
0,0.0,225436,919801,19.684659157886095,100.0
1,0.2,180180,735602,19.67498815220216,79.92512287301052
2,0.4,135301,551404,19.702929205408434,60.017477244095886
3,0.6,90282,367407,19.725621546508656,40.04772973260704
4,0.8,45357,183828,19.790562209568687,20.119679199418016
5,0.99,2214,9161,19.463736263736262,0.9820969144236058
