,Cutoff,TP,FP,Precision,Recall
0,0.0,561947,2820439,16.61392283435421,100.0
1,0.3,559630,2791660,16.69894279516246,99.58768353599183
2,0.4,521338,2405894,17.80993102015829,92.77351778726464
3,0.45,455435,1894794,19.378324410089398,81.04589934637964
4,0.47,417201,1643524,20.245350544104625,74.24205485570704
5,0.5,348236,1242772,21.88775920674189,61.96954517062997
6,0.6,106450,244316,30.347867239128078,18.943067584665457
7,0.8,2844,2666,51.61524500907441,0.5060975501248338
8,0.95,150,70,68.18181818181819,0.026692908761858324
