,Precision,Recall,Cutoff
0,17.909563959734005,100.0,0.0
1,20.683480593465244,87.53547707522603,0.15
2,21.872202370476927,83.63811920297276,0.16
3,23.46206591462066,77.5901922345437,0.17
4,27.596495925940093,63.32328759107002,0.19
5,31.261465236576377,55.34716329695409,0.21
6,42.89947647426822,38.12212891710799,0.25
7,50.69590889919865,28.135880855546127,0.3
8,57.42446968073709,7.841530854083155,0.6
