,Cutoff,TP,FP,Precision,Recall
0,0.0,670958,3203788,17.316180208973698,100.0
1,0.15,491227,1830384,21.158884929473544,73.21277933939233
2,0.2,254928,654442,28.033473723566864,37.994628575857206
3,0.25,114222,208930,35.34621478437392,17.02371832514107
4,0.3,44330,59276,42.78709727235874,6.606970928135591
5,0.4,2764,2221,55.44633901705115,0.4119482888645787
6,0.6,145,83,63.59649122807018,0.021610890696586074
7,0.8,6,2,75.0,0.0008942437529621825
